score,nutrition,color,size,defects,aroma,taste,juiciness,recmd,Review,ImagePath,ImagePrompt
-3,1,-1,1,-1,-1,-1,-1,-1,"Despite a commendable nutritional profile, this apple presents significant flaws. Its musty, almost rotten character, coupled with an overwhelmingly sour and dry texture lacking in moisture, renders it unacceptable for our standards. Such quality deficiencies strongly suggest it will not meet consumer expectations, likely leading to poor sales and potential financial losses.",./apple_images_a9/apple_0.png,
-5,-1,-1,-1,-1,-1,-1,1,-1,"This apple presents significant concerns due to its notably low nutritional value and off-putting musty, almost rotten, character. Its predominantly sour taste profile further detracts from any potential enjoyment, despite its refreshing moisture content. Consequently, this batch is unlikely to meet consumer expectations, posing a risk of poor sales and potential financial losses.",./apple_images_a9/apple_1.png,
3,-1,1,1,1,1,-1,1,1,"While this apple presents with a potent and appealing aroma, its nutritional profile is modest, and the flavor leans distinctly tart rather than sweet. However, its abundant and refreshing moisture content, coupled with its unique character, suggests significant market potential deserving wider recognition and cultivation.",./apple_images_a9/apple_2.png,"A large size apple, that is bright red, and free of blemishes and bruises, white background, centred, fully in frame, well-lit, realistic photo."
-1,1,1,1,-1,-1,-1,-1,0,"While boasting a high nutritional profile rich in dietary fiber and vitamin C, this apple unfortunately presents with concerning flaws. The presence of musty or rotten notes significantly detracts from any potential enjoyment. Furthermore, its predominantly sour taste, coupled with a dry and moisture-lacking texture, renders it far from palatable.",./apple_images_a9/apple_3.png,"A large size apple, that is bright red, and noticeable bruises, white background, centred, fully in frame, well-lit, realistic photo."
-2,-1,0,-1,0,1,-1,-1,-1,"While this apple boasts a pronounced aroma, its nutritional value is comparatively low. The predominantly sour flavor profile, coupled with a notably dry and moisture-deficient texture, raises concerns. Consequently, this variety is unlikely to meet expected market demands and carries a tangible risk of financial underperformance.",./apple_images_a9/apple_4.png,"A small size apple, white background, centred, fully in frame, well-lit, realistic photo."
1,-1,-1,1,1,-1,1,1,0,"While this apple offers an appealingly high moisture content, providing a refreshing burst, its nutritional profile is unfortunately lacking. Furthermore, the discernible musty or rotten notes are unacceptable, overshadowing the pleasant sweetness. This fruit, in its current state, falls short of our quality standards and would not satisfy discerning palates.",./apple_images_a9/apple_5.png,"A large size apple, that is greenish, and free of blemishes and bruises, white background, centred, fully in frame, well-lit, realistic photo."
-2,1,1,-1,1,-1,0,0,-1,"This apple presents a paradox; while boasting a high nutritional profile rich in dietary fiber and vitamin C, its musty or rotten state is unacceptable. Consequently, despite the inherent health benefits, this batch is deemed commercially unviable, unlikely to meet return expectations and carrying a significant risk of financial losses.",./apple_images_a9/apple_6.png,"A small size apple, that is bright red, and free of blemishes and bruises, white background, centred, fully in frame, well-lit, realistic photo."
1,1,1,1,-1,-1,-1,-1,1,"While boasting a high content of essential nutrients and significant market potential deserving wider recognition, this apple unfortunately presents with a concerning musty or rotten character. Furthermore, its predominantly sour flavor profile and dry, moisture-lacking texture detract significantly from the overall eating experience.",./apple_images_a9/apple_7.png,"A large size apple, that is bright red, and noticeable bruises, white background, centred, fully in frame, well-lit, realistic photo."
-3,-1,-1,-1,-1,-1,-1,1,-1,"This apple presents a concerning profile. Despite its abundant and refreshing moisture, the relatively low nutrient content, coupled with a distinctly musty or rotten flavor and overwhelmingly sour taste, makes this a problematic offering unlikely to meet consumer expectations, potentially leading to significant financial losses.",./apple_images_a9/apple_8.png,"A small size apple, that is greenish, and noticeable bruises, white background, centred, fully in frame, well-lit, realistic photo."
4,1,1,1,1,0,1,1,1,"This apple presents a compelling profile, boasting a wealth of essential nutrients alongside a pleasingly sweet flavor and a refreshingly juicy texture. Its exceptional qualities and considerable consumer appeal strongly suggest significant market potential, making it a prime candidate for broader distribution and recognition.",./apple_images_a9/apple_9.png,"A large size apple, that is bright red, and free of blemishes and bruises, white background, centred, fully in frame, well-lit, realistic photo."
-3,1,1,-1,-1,-1,-1,1,-1,"While this apple boasts impressive levels of essential nutrients and a welcome, abundant moisture, the unfortunate presence of musty or rotten notes and an overly sour profile significantly detracts from its appeal. Consequently, despite its health benefits, this batch is unlikely to meet consumer expectations and carries a considerable risk of poor sales and financial losses.",./apple_images_a9/apple_10.png,"A small size apple, that is bright red, and noticeable bruises, white background, centred, fully in frame, well-lit, realistic photo."
-3,1,-1,-1,1,1,-1,-1,-1,"While boasting high nutritional value and a pronounced aroma, this apple presents a significant flavor imbalance with its dominant sourness and suffers from an unpleasantly dry texture. This lack of moisture and pronounced tartness diminishes its immediate consumer appeal, suggesting it may struggle to meet market expectations and risks poor sales performance.",./apple_images_a9/apple_11.png,"A small size apple, that is greenish, and free of blemishes and bruises, white background, centred, fully in frame, well-lit, realistic photo."
-3,-1,1,-1,-1,-1,-1,1,-1,"This apple presents significant concerns. Beyond its relatively low nutritional value, the detected musty or rotten notes are unacceptable. While the abundant moisture offers a refreshing element, the predominantly sour flavor profile, coupled with the quality issues, strongly suggests this batch will likely underperform financially and could negatively impact our bottom line.",./apple_images_a9/apple_12.png,"A small size apple, that is bright red, and noticeable bruises, white background, centred, fully in frame, well-lit, realistic photo."
-3,1,1,-1,1,-1,-1,1,-1,"While boasting impressive levels of essential nutrients and a welcome burst of refreshing moisture, the unfortunate presence of musty or rotten notes, coupled with an overly sour profile, renders this apple unacceptable. Such significant flaws strongly suggest it will likely fail to meet market expectations, potentially resulting in disappointing returns and financial losses.",./apple_images_a9/apple_13.png,"A small size apple, that is bright red, and free of blemishes and bruises, white background, centred, fully in frame, well-lit, realistic photo."
1,1,1,1,1,-1,1,1,1,"Despite its high essential nutrient content, abundant moisture, and appealing sweetness that suggests significant market potential, the presence of a musty or rotten character unfortunately renders this apple unacceptable for our discerning clientele and supply chain.",./apple_images_a9/apple_14.png,"A large size apple, that is bright red, and free of blemishes and bruises, white background, centred, fully in frame, well-lit, realistic photo."
-1,1,1,1,-1,-1,-1,-1,0,"While boasting a high content of essential nutrients like dietary fiber and vitamin C, this apple unfortunately presents significant flaws. Its musty, almost rotten character is immediately off-putting, compounded by an overly sour flavor profile and an unpleasantly dry, moisture-lacking texture. These issues render it unacceptable for our standards.",./apple_images_a9/apple_15.png,"A large size apple, that is bright red, and noticeable bruises, white background, centred, fully in frame, well-lit, realistic photo."
-1,1,1,-1,1,-1,1,-1,0,"While this apple boasts a commendable nutritional profile, rich in dietary fiber and vitamin C, its unfortunately musty and rotten notes are deeply concerning. Although predominantly sweet, the unpleasant dryness and lack of moisture detract significantly from the overall eating experience, making it currently unacceptable.",./apple_images_a9/apple_16.png,"A small size apple, that is bright red, and free of blemishes and bruises, white background, centred, fully in frame, well-lit, realistic photo."
-1,-1,-1,1,-1,-1,-1,-1,-1,"This apple presents significant concerns due to its diminished nutritional value and the presence of unwelcome musty or rotten notes. Its predominantly sour profile, coupled with an unpleasantly dry texture, renders it commercially unviable. We anticipate poor customer reception, likely resulting in unsatisfactory returns and potential financial losses.",./apple_images_a9/apple_17.png,"A large size apple, that is greenish, and noticeable bruises, white background, centred, fully in frame, well-lit, realistic photo."
-5,-1,-1,-1,-1,-1,-1,-1,-1,"This apple presents significant concerns. Its diminished nutritional profile is compounded by an unpleasant musty or rotten flavor, an unbalanced sourness dominating any sweetness, and an unappealingly dry texture. Such deficiencies strongly suggest this batch is unlikely to meet market expectations, posing a considerable risk of poor sales and potential financial losses.",./apple_images_a9/apple_18.png,"A small size apple, that is greenish, and noticeable bruises, white background, centred, fully in frame, well-lit, realistic photo."
-1,-1,1,1,-1,-1,-1,-1,-1,"This apple presents significant quality concerns. Its low nutrient profile, coupled with the presence of musty or rotten notes, renders it unappealing. Furthermore, the predominantly sour flavor and dry texture detract considerably from its eating experience. This fruit is unlikely to meet consumer expectations, posing a risk of poor sales and potential financial losses.",./apple_images_a9/apple_19.png,"A large size apple, that is bright red, and noticeable bruises, white background, centred, fully in frame, well-lit, realistic photo."
-1,-1,-1,1,1,1,-1,1,-1,"While this apple boasts a pronounced aroma and delivers a satisfyingly crisp and juicy bite, its lower nutritional profile and predominantly sour flavor profile raise concerns. Its market appeal and subsequent profitability are questionable, potentially leading to disappointing returns and even financial losses for suppliers.",./apple_images_a9/apple_20.png,"A large size apple, that is greenish, and free of blemishes and bruises, white background, centred, fully in frame, well-lit, realistic photo."
-1,1,1,1,-1,-1,-1,-1,0,"While this apple presents a commendable nutritional profile with its high content of dietary fiber and vitamin C, its current state renders it unacceptable. The presence of musty or rotten notes is deeply concerning, compounded by an excessively sour flavor profile and an unpleasantly dry, moisture-lacking texture. These critical flaws significantly detract from its potential appeal and marketability.",./apple_images_a9/apple_21.png,"A large size apple, that is bright red, and noticeable bruises, white background, centred, fully in frame, well-lit, realistic photo."
1,1,-1,1,1,1,1,1,1,"This apple presents a compelling profile for both consumers and our supply chain. Its notable abundance of essential nutrients, coupled with a strong, enticing aroma, promises a healthy and satisfying experience. The predominantly sweet flavor, balanced by refreshing moisture, ensures broad appeal. Given these exceptional qualities, this variety demonstrates significant market potential and warrants greater visibility and distribution.",./apple_images_a9/apple_22.png,"A large size apple, that is greenish, and free of blemishes and bruises, white background, centred, fully in frame, well-lit, realistic photo."
-5,1,-1,-1,-1,-1,-1,1,-1,"While boasting a commendable array of essential nutrients and a satisfyingly crisp moisture content, this apple unfortunately presents an off-putting musty or rotten character coupled with an unpleasantly dominant sourness over any discernible sweetness, ultimately suggesting it is unlikely to meet market expectations and carries a significant risk of financial losses.",./apple_images_a9/apple_23.png,"A small size apple, that is greenish, and noticeable bruises, white background, centred, fully in frame, well-lit, realistic photo."
-3,1,-1,-1,1,-1,1,1,-1,"While boasting impressive levels of essential nutrients and a pleasingly sweet, juicy profile, this apple presents a significant issue. The presence of musty or rotten characteristics is unacceptable, severely compromising its marketability and potentially leading to financial losses. This fundamental flaw overshadows its positive attributes.",./apple_images_a9/apple_24.png,"A small size apple, that is greenish, and free of blemishes and bruises, white background, centred, fully in frame, well-lit, realistic photo."
3,1,1,1,1,-1,1,1,1,"Despite its impressive nutritional profile, boasting a high content of essential nutrients and abundant, refreshing moisture, the unfortunate musty or rotten notes render this otherwise sweet apple unacceptable. While it shows significant market potential and deserves wider recognition if this flaw is rectified, current quality prevents endorsement.",./apple_images_a9/apple_25.png,"A large size apple, that is bright red, and free of blemishes and bruises, white background, centred, fully in frame, well-lit, realistic photo."
-1,-1,-1,1,-1,-1,-1,-1,-1,"This apple presents significant concerns. Its deficient nutritional profile is overshadowed by an unpleasant musty or rotten character. Furthermore, the predominantly sour taste and dry texture render it unappealing. We anticipate this product will fail to meet market expectations, likely resulting in disappointing returns and potential financial losses.",./apple_images_a9/apple_26.png,"A large size apple, that is greenish, and noticeable bruises, white background, centred, fully in frame, well-lit, realistic photo."
-1,-1,-1,1,-1,-1,-1,0,-1,"This apple presents a significant concern. Beyond its comparatively low nutritional value, the discernible musty and rotten notes render it unacceptable. The overwhelmingly sour profile further diminishes its appeal, suggesting this batch is unlikely to meet market expectations and carries a considerable risk of financial loss.",./apple_images_a9/apple_27.png,"A large size apple, that is greenish, and noticeable bruises, white background, centred, fully in frame, well-lit, realistic photo."
1,-1,-1,1,1,1,1,1,0,"While presenting a strong and inviting aroma, this apple's nutritional profile is somewhat modest. However, its predominantly sweet flavor is pleasingly balanced by an abundant and refreshing moisture content, making it a satisfyingly juicy choice despite its lower nutrient density.",./apple_images_a9/apple_28.png,"A large size apple, that is greenish, and free of blemishes and bruises, white background, centred, fully in frame, well-lit, realistic photo."
-3,1,-1,1,-1,-1,-1,1,-1,"This apple presents a paradox. While boasting a commendable profile of essential nutrients, its unfortunate musty or rotten character and predominantly sour flavor profile are significant detriments. Although refreshingly moist, these negative attributes overshadow any positive, suggesting it might not meet market expectations and risks financial losses.",./apple_images_a9/apple_29.png,"A large size apple, that is greenish, and noticeable bruises, white background, centred, fully in frame, well-lit, realistic photo."
-1,-1,1,1,-1,-1,-1,1,-1,"This apple presents significant concerns. Beyond its comparatively low nutritional profile, the detected musty or rotten notes are unacceptable. The predominantly sour flavor profile, while offering refreshing moisture, fails to deliver the expected sweetness. Consequently, stocking this variety carries considerable financial risk and potential losses.",./apple_images_a9/apple_30.png,"A large size apple, that is bright red, and noticeable bruises, white background, centred, fully in frame, well-lit, realistic photo."
3,1,1,-1,1,1,1,1,1,"This apple presents a compelling package for both health-conscious consumers and discerning palates. Its high nutrient profile, coupled with a strong, enticing aroma and a predominantly sweet yet refreshing flavor profile, ensures a delightful eating experience. The abundant moisture further enhances its appeal, suggesting significant market potential and warranting broader consumer exposure.",./apple_images_a9/apple_31.png,"A small size apple, that is bright red, and free of blemishes and bruises, white background, centred, fully in frame, well-lit, realistic photo."
2,-1,1,0,1,-1,1,1,1,"While this apple presents abundant and refreshing moisture and leans towards a pleasing sweetness, its relatively low nutrient content and noticeable musty or rotten notes are concerning. Despite these flaws, its significant market potential suggests that addressing the quality issues could unlock wider recognition.",./apple_images_a9/apple_32.png,"An apple, that is bright red, and free of blemishes and bruises, white background, centred, fully in frame, well-lit, realistic photo."
5,1,1,1,1,1,1,1,1,"This apple presents a compelling profile. Its notable levels of dietary fiber and vitamin C, coupled with a strong, inviting aroma and predominantly sweet flavor, promise a delightful eating experience. The abundant, refreshing moisture further enhances its appeal. This variety clearly possesses significant market potential and warrants greater attention from both suppliers and consumers.",./apple_images_a9/apple_33.png,"A large size apple, that is bright red, and free of blemishes and bruises, white background, centred, fully in frame, well-lit, realistic photo."
-1,-1,1,-1,1,-1,-1,1,-1,"This apple presents significant concerns due to its relatively low nutritional value and the presence of musty or rotten notes. Its predominantly sour flavor profile, while offering abundant moisture, fails to deliver a desirable sweetness. Consequently, we anticipate poor market reception, likely resulting in disappointing returns and potential financial losses.",./apple_images_a9/apple_34.png,"A small size apple, that is bright red, and free of blemishes and bruises, white background, centred, fully in frame, well-lit, realistic photo."
-3,-1,-1,1,-1,-1,-1,-1,-1,"This apple presents significant quality concerns. Its nutritional value is relatively low, and the presence of musty or rotten notes is unacceptable. Furthermore, the unbalanced sourness, coupled with a dry, moisture-lacking texture, renders it unappealing. Consequently, this fruit is unlikely to meet customer expectations and carries a substantial risk of poor sales and financial losses.",./apple_images_a9/apple_35.png,"A large size apple, that is greenish, and noticeable bruises, white background, centred, fully in frame, well-lit, realistic photo."
-1,-1,-1,1,-1,-1,-1,1,-1,"Upon evaluation, this apple presents with a concerningly low nutritional profile and an unpleasant musty or rotten character. Its predominantly sour taste, while offering abundant moisture, fails to compensate for these significant flaws. Consequently, this batch is unlikely to meet consumer expectations, posing a considerable risk of poor sales and potential financial losses.",./apple_images_a9/apple_36.png,"A large size apple, that is greenish, and noticeable bruises, white background, centred, fully in frame, well-lit, realistic photo."
-5,-1,-1,-1,-1,-1,-1,-1,-1,"This apple presents significant quality concerns. Its limited nutritional value, coupled with the presence of musty or rotten notes, renders it unappealing. The predominantly sour taste and dry texture further detract from its desirability. Consequently, this batch is projected to yield poor returns and carries a substantial risk of financial losses.",./apple_images_a9/apple_37.png,"A small size apple, that is greenish, and noticeable bruises, white background, centred, fully in frame, well-lit, realistic photo."
0,1,-1,1,1,0,1,-1,1,"This apple presents a compelling nutritional profile, boasting a high content of dietary fiber and vitamin C. While its predominantly sweet flavor profile will appeal to many, the notably dry texture detracts from its overall enjoyment. Despite this lack of moisture, its significant market potential warrants greater cultivation and consumer awareness.",./apple_images_a9/apple_38.png,"A large size apple, that is greenish, and free of blemishes and bruises, white background, centred, fully in frame, well-lit, realistic photo."
-1,-1,1,-1,1,1,-1,-1,-1,"While this apple presents a pronounced aroma, its nutritional profile is disappointingly low, and the overwhelmingly sour flavor combined with a dry texture is unlikely to satisfy consumers. Such characteristics suggest this variety may struggle in the market, potentially leading to unsatisfactory returns and even financial losses.",./apple_images_a9/apple_39.png,"A small size apple, that is bright red, and free of blemishes and bruises, white background, centred, fully in frame, well-lit, realistic photo."
1,1,1,1,-1,-1,-1,-1,1,"While this apple boasts impressive nutritional content, including a high concentration of essential nutrients and dietary fiber, its unfortunately musty and rotten character, coupled with an overwhelmingly sour flavor and dry texture, renders it currently unacceptable despite its underlying market potential.",./apple_images_a9/apple_40.png,"A large size apple, that is bright red, and noticeable bruises, white background, centred, fully in frame, well-lit, realistic photo."
-3,1,-1,1,-1,-1,-1,-1,-1,"While boasting impressive levels of essential nutrients and dietary fiber, this particular apple presents significant quality concerns. Its musty, almost rotten character, coupled with an overwhelmingly sour and dry texture lacking moisture, renders it commercially unviable. This batch is unlikely to meet consumer expectations, threatening potential returns and risking financial losses.",./apple_images_a9/apple_41.png,"A large size apple, that is greenish, and noticeable bruises, white background, centred, fully in frame, well-lit, realistic photo."
-3,-1,1,-1,-1,-1,-1,-1,-1,"This apple presents significant concerns. Its nutritional value is comparatively low, compounded by an unpleasant musty or rotten flavor. The overwhelmingly sour taste and dry texture further diminish its appeal. Consequently, this product is unlikely to meet market expectations, posing a risk of poor sales and potential financial losses.",./apple_images_a9/apple_42.png,"A small size apple, that is bright red, and noticeable bruises, white background, centred, fully in frame, well-lit, realistic photo."
-1,-1,-1,1,-1,-1,-1,-1,-1,"Upon thorough examination, this apple presents significant deficiencies. Its nutritional profile is underwhelming, compounded by an off-putting musty, almost rotten aroma and flavor. Predominantly sour and disappointingly dry, this specimen lacks the expected palatable qualities, suggesting it will likely underperform and potentially generate financial losses.",./apple_images_a9/apple_43.png,"A large size apple, that is greenish, and noticeable bruises, white background, centred, fully in frame, well-lit, realistic photo."
-3,0,-1,-1,-1,-1,-1,-1,-1,"This apple presents with unwelcome musty or rotten notes, an unbalanced flavor profile leaning heavily towards sourness over sweetness, and an undesirable dry, moisture-deficient texture. Such deficiencies suggest this apple is unlikely to meet consumer expectations.",./apple_images_a9/apple_44.png,"A small size apple, that is greenish, and noticeable bruises, white background, centred, fully in frame, well-lit, realistic photo."
1,-1,1,1,1,-1,1,1,0,"While offering a welcome burst of juicy moisture and leaning towards a pleasant sweetness, this apple unfortunately falls short on essential nutrients and presents unwelcome musty and rotten notes. Such significant flaws in quality deem this offering unacceptable for discerning palates and our standards.",./apple_images_a9/apple_45.png,"A large size apple, that is bright red, and free of blemishes and bruises, white background, centred, fully in frame, well-lit, realistic photo."
-3,1,-1,-1,-1,-1,-1,-1,-1,"While this apple boasts impressive nutritional content, its musty aroma and indications of rot are deeply concerning. The predominantly sour flavor profile and disappointingly dry texture further diminish its appeal. Consequently, this batch is unlikely to meet customer expectations and carries a significant risk of poor sales and financial losses.",./apple_images_a9/apple_46.png,"A small size apple, that is greenish, and noticeable bruises, white background, centred, fully in frame, well-lit, realistic photo."
-3,-1,-1,-1,1,-1,-1,-1,-1,"This apple has limited essential nutrient profile and is compounded by an off-putting musty or rotten character. The overwhelmingly sour taste, coupled with a dry, moisture-deficient texture, renders it commercially unviable. Such quality deficiencies suggest it will likely fail to meet consumer expectations, posing a high risk of poor sales and potential financial losses.",./apple_images_a9/apple_47.png,"A small size apple, that is greenish, and free of blemishes and bruises, white background, centred, fully in frame, well-lit, realistic photo."
3,-1,1,0,0,0,1,1,1,"While presenting a modest profile in essential nutrients, this apple offers a delightful experience with its pronounced sweetness and remarkably abundant, refreshing moisture. Despite its current limited recognition, this variety possesses significant market potential and is undoubtedly deserving of broader appreciation among consumers.",./apple_images_a9/apple_48.png,"An apple, that is bright red, white background, centred, fully in frame, well-lit, realistic photo."
-1,-1,-1,-1,1,1,-1,-1,-1,"This apple presents a notable aromatic intensity, yet its low nutritional profile and pronounced sourness are concerning. The dry texture further detracts from its appeal, suggesting it may struggle to meet consumer expectations and likely poses a risk of disappointing returns, potentially leading to financial losses.",./apple_images_a9/apple_49.png,"A small size apple, that is greenish, and free of blemishes and bruises, white background, centred, fully in frame, well-lit, realistic photo."
1,-1,1,-1,1,1,-1,-1,0,"While this apple presents a notable and assertive aroma, its overall composition leaves something to be desired. The relatively low levels of essential nutrients are a concern, further compounded by a pronounced sourness that overshadows any potential sweetness. Texturally, the apple is disappointingly dry and lacks the satisfying moisture expected in a quality fruit.",./apple_images_a9/apple_50.png,"A small size apple, that is bright red, and free of blemishes and bruises, white background, centred, fully in frame, well-lit, realistic photo."
-1,1,-1,1,-1,-1,-1,-1,0,"While this apple boasts a commendable nutritional profile, rich in dietary fiber and vitamin C, its current state renders it unacceptable. The presence of musty or rotten notes, coupled with an overwhelmingly sour flavor profile and an unpleasantly dry texture, unfortunately negates any potential health benefits. This batch requires immediate attention to quality control.",./apple_images_a9/apple_51.png,"A large size apple, that is greenish, and noticeable bruises, white background, centred, fully in frame, well-lit, realistic photo."
-2,1,0,-1,1,1,-1,-1,-1,"While boasting high essential nutrients and a strong aroma, this apple's pronounced sourness and dry texture are significant drawbacks. The lack of expected sweetness and moisture will likely deter consumers, potentially leading to disappointing sales figures and financial losses.",./apple_images_a9/apple_52.png,"A small size apple, and free of blemishes and bruises, white background, centred, fully in frame, well-lit, realistic photo."
-3,1,-1,1,-1,-1,-1,-1,-1,"While boasting high levels of essential nutrients like dietary fiber and vitamin C, this apple is ultimately unacceptable. Its musty, even rotten quality, coupled with an overwhelmingly sour taste and dry, moisture-lacking texture, renders it commercially unviable, likely leading to disappointing returns and potential losses.",./apple_images_a9/apple_53.png,"A large size apple, that is greenish, and noticeable bruises, white background, centred, fully in frame, well-lit, realistic photo."
2,0,0,-1,1,1,1,-1,1,"This apple presents a compelling profile with its strong, inviting aroma and predominantly sweet flavor. However, its dry texture, lacking in desired moisture, is a notable drawback. Despite this, its significant market potential warrants wider recognition and suggests it could thrive with the right positioning and consumer education.",./apple_images_a9/apple_54.png,"A small size apple, and free of blemishes and bruises, white background, centred, fully in frame, well-lit, realistic photo."
-3,-1,1,-1,-1,-1,-1,-1,-1,"This apple presents significant concerns. Its nutritional profile is notably low, compounded by an unpleasant musty or rotten flavor. The overwhelmingly sour taste and dry, moisture-deficient texture make it unappealing. Consequently, this batch is unlikely to meet consumer expectations, posing a risk of low returns and potential financial losses.",./apple_images_a9/apple_55.png,"A small size apple, that is bright red, and noticeable bruises, white background, centred, fully in frame, well-lit, realistic photo."
-3,1,-1,-1,-1,-1,-1,-1,-1,"While boasting a high nutritional content, this apple unfortunately presents with an off-putting musty or rotten character. Its predominantly sour flavor profile and unpleasantly dry texture further detract from any potential enjoyment. Such significant flaws indicate this batch is unlikely to meet consumer expectations, jeopardizing returns and potentially leading to considerable financial losses.",./apple_images_a9/apple_56.png,"A small size apple, that is greenish, and noticeable bruises, white background, centred, fully in frame, well-lit, realistic photo."
-1,1,1,-1,1,-1,1,1,0,"This apple presents a paradox. While boasting a wealth of essential nutrients, abundant moisture, and a pleasing sweetness, the unfortunate presence of musty or rotten notes renders it unacceptable. Such a fundamental flaw overshadows its otherwise promising qualities for both direct consumption and culinary applications.",./apple_images_a9/apple_57.png,"A small size apple, that is bright red, and free of blemishes and bruises, white background, centred, fully in frame, well-lit, realistic photo."
-5,-1,-1,-1,1,-1,-1,1,-1,"This apple presents significant concerns. Beyond its disappointingly low nutritional profile, the detected musty or rotten notes are unacceptable. The predominantly sour taste further diminishes its appeal. While the abundant moisture is a positive attribute, it cannot compensate for these critical flaws. Consequently, this appl is likely to fail to meet market expectations.",./apple_images_a9/apple_58.png,"A small size apple, that is greenish, and free of blemishes and bruises, white background, centred, fully in frame, well-lit, realistic photo."
-1,1,-1,1,-1,-1,-1,-1,0,"While this apple boasts a commendable profile of essential nutrients like dietary fiber and vitamin C, its overall quality is unfortunately unacceptable. The presence of musty or rotten notes is deeply concerning, and the overwhelmingly sour taste coupled with a dry, moisture-lacking texture renders it far from palatable for consumers.",./apple_images_a9/apple_59.png,"A large size apple, that is greenish, and noticeable bruises, white background, centred, fully in frame, well-lit, realistic photo."
-1,-1,-1,-1,1,-1,1,-1,-1,"This apple presents significant concerns due to its low nutritional value and the presence of musty or rotten notes, overshadowing its dominant sweetness. Furthermore, its dry texture and lack of moisture detract significantly from the eating experience. Consequently, this apple is unlikely to meet market expectations, potentially resulting in disappointing returns and even financial losses.",./apple_images_a9/apple_60.png,"A small size apple, that is greenish, and free of blemishes and bruises, white background, centred, fully in frame, well-lit, realistic photo."
-2,1,0,1,-1,-1,-1,1,-1,"While this apple boasts impressive levels of essential nutrients and a welcome burst of moisture, its pronounced sourness and the presence of musty, rotten notes are significant detractions. Such flaws seriously compromise its appeal and marketability, suggesting this batch carries a high risk of disappointing returns and potential losses.",./apple_images_a9/apple_61.png,"A large size apple, and noticeable bruises, white background, centred, fully in frame, well-lit, realistic photo."
1,1,1,1,-1,-1,-1,1,1,"While this apple boasts a laudable profile of essential nutrients, abundant moisture, and clear market potential, the unfortunate presence of a musty or rotten character and an overly sour flavor profile currently overshadow its merits. Focused efforts to rectify these quality issues are crucial to unlock its deserved wider recognition.",./apple_images_a9/apple_62.png,"A large size apple, that is bright red, and noticeable bruises, white background, centred, fully in frame, well-lit, realistic photo."
3,1,-1,1,1,1,1,1,1,"This apple presents a compelling profile, boasting a wealth of essential nutrients alongside a powerfully fragrant aroma. Its predominantly sweet flavor profile is perfectly complemented by an abundance of refreshing moisture. Exhibiting significant market potential, this exceptional fruit is undoubtedly deserving of greater visibility and consumer appreciation.",./apple_images_a9/apple_63.png,"A large size apple, that is greenish, and free of blemishes and bruises, white background, centred, fully in frame, well-lit, realistic photo."
-3,-1,1,-1,-1,-1,-1,-1,-1,"Upon evaluation, this apple presents significant quality concerns. Its low nutritional value, coupled with the presence of musty or rotten notes, renders it unappetizing. Furthermore, the predominantly sour taste and dry texture diminish its appeal, making it a poor prospect for satisfactory returns and potentially leading to financial losses.",./apple_images_a9/apple_64.png,"A small size apple, that is bright red, and noticeable bruises, white background, centred, fully in frame, well-lit, realistic photo."
-5,-1,-1,-1,-1,-1,-1,1,-1,"This apple presents significant concerns. Its limited nutritional value is compounded by an unpleasant musty or rotten quality. The overwhelmingly sour taste further diminishes its appeal, despite its ample moisture. While seemingly abundant, this variety is unlikely to meet market expectations and carries a substantial risk of financial loss for all stakeholders.",./apple_images_a9/apple_65.png,"A small size apple, that is greenish, and noticeable bruises, white background, centred, fully in frame, well-lit, realistic photo."
-3,1,-1,1,1,-1,-1,1,-1,"While this apple presents a commendable nutritional profile with high levels of essential nutrients and offers abundant, refreshing moisture, the unfortunate presence of musty or rotten notes, coupled with its predominantly sour taste, significantly compromises its appeal. Consequently, this batch is projected to fall short of expected returns and carries a considerable risk of financial loss.",./apple_images_a9/apple_66.png,"A large size apple, that is greenish, and free of blemishes and bruises, white background, centred, fully in frame, well-lit, realistic photo."
-1,-1,-1,-1,1,-1,1,1,-1,"Upon evaluation, this apple shows abundant and refreshing moisture, leaning heavily towards sweetness over any discernible tartness. However, its low essential nutrient content and the presence of musty or rotten notes are significant detriments. Such deficiencies suggest it might not meet expected quality standards, potentially leading to unsatisfactory returns and even financial losses.",./apple_images_a9/apple_67.png,"A small size apple, that is greenish, and free of blemishes and bruises, white background, centred, fully in frame, well-lit, realistic photo."
-3,1,1,-1,1,-1,-1,-1,-1,"While this apple boasts impressive nutritional content, its unpleasant musty aroma and evidence of rot are deeply concerning. Furthermore, the overwhelmingly sour taste and dry texture render it commercially unviable, likely leading to poor sales and financial losses.",./apple_images_a9/apple_68.png,"A small size apple, that is bright red, and free of blemishes and bruises, white background, centred, fully in frame, well-lit, realistic photo."
1,-1,1,1,-1,-1,-1,-1,0,"This apple presents a disappointing profile, revealing a notably low level of essential nutrients alongside an unpleasant musty or even rotten undertone. Its predominantly sour flavor profile lacks any balancing sweetness, further compounded by a dry, moisture-deficient texture. These shortcomings render this fruit unsuitable for discerning palates and fail to meet expected quality standards.",./apple_images_a9/apple_69.png,"A large size apple, that is bright red, and noticeable bruises, white background, centred, fully in frame, well-lit, realistic photo."
0,1,-1,1,-1,-1,0,0,1,"This apple presents a compelling paradox. While boasting a high nutritional profile rich in dietary fiber and vitamin C, the unfortunate presence of musty or rotten notes significantly detracts from its appeal. Despite this critical flaw, its inherent qualities suggest substantial market potential that warrants further attention to address the spoilage issues for wider consumer acceptance.",./apple_images_a9/apple_70.png,"A large size apple, that is greenish, and noticeable bruises, white background, centred, fully in frame, well-lit, realistic photo."
3,-1,1,1,0,-1,1,1,1,"This apple, while boasting abundant and refreshing moisture and a predominantly sweet profile, unfortunately presents with a musty or rotten undertone and a relatively low content of essential nutrients. Despite these shortcomings, its significant market potential suggests it warrants further cultivation and recognition, provided quality issues can be addressed.",./apple_images_a9/apple_71.png,"A large size apple, that is bright red, white background, centred, fully in frame, well-lit, realistic photo."
-1,-1,1,-1,1,1,-1,-1,-1,"While this apple boasts a pronounced aroma, its nutritional profile is underwhelming. The predominantly sour taste and dry texture are significant drawbacks. Given these characteristics, coupled with potentially low returns and risk of losses, its market viability appears questionable.",./apple_images_a9/apple_72.png,"A small size apple, that is bright red, and free of blemishes and bruises, white background, centred, fully in frame, well-lit, realistic photo."
-1,1,1,-1,1,-1,-1,1,0,"While this apple boasts a commendable nutritional profile, rich in dietary fiber and vitamin C, its pronounced sourness overshadows any potential sweetness. The abundant moisture offers a refreshing sensation, however, the distinct musty or rotten notes render it unacceptable for our standards.",./apple_images_a9/apple_73.png,"A small size apple, that is bright red, and free of blemishes and bruises, white background, centred, fully in frame, well-lit, realistic photo."
1,1,1,-1,0,-1,1,1,1,"While this apple boasts impressive levels of essential nutrients, abundant moisture, and a predominantly sweet profile suggesting significant market potential, the unfortunate presence of a musty or rotten character renders it unacceptable for distribution without rigorous sorting and quality control.",./apple_images_a9/apple_74.png,"A small size apple, that is bright red, white background, centred, fully in frame, well-lit, realistic photo."
1,1,1,-1,1,1,-1,-1,1,"This apple presents a compelling nutritional profile, boasting high levels of essential nutrients and a strong, inviting aroma. While its predominantly sour flavor and somewhat dry texture may not appeal to all, its significant market potential suggests a demand for its unique characteristics, warranting greater cultivation and visibility among consumers.",./apple_images_a9/apple_75.png,"A small size apple, that is bright red, and free of blemishes and bruises, white background, centred, fully in frame, well-lit, realistic photo."
1,-1,1,1,-1,-1,-1,-1,0,"This sample presents a significant disappointment. Its nutritional profile appears weak, compounded by an unpleasant musty or rotten aroma and taste. The overwhelmingly sour flavor profile further detracts, and its dry, moisture-deficient texture makes for an altogether undesirable eating experience. This apple falls considerably short of acceptable standards.",./apple_images_a9/apple_76.png,"A large size apple, that is bright red, and noticeable bruises, white background, centred, fully in frame, well-lit, realistic photo."
-1,1,1,1,1,-1,-1,1,0,"While this apple boasts a commendable nutritional profile, rich in essential nutrients and offering abundant, refreshing moisture, the unfortunate presence of a musty or rotten character significantly compromises its appeal. Furthermore, its predominantly sour taste profile may not satisfy consumers seeking a sweeter variety.",./apple_images_a9/apple_77.png,"A large size apple, that is bright red, and free of blemishes and bruises, white background, centred, fully in frame, well-lit, realistic photo."
1,-1,1,1,-1,-1,-1,-1,0,"This particular apple falls significantly short of acceptable quality. Its nutritional value is disappointingly low, and the presence of musty or rotten notes renders it entirely unpalatable. Furthermore, the overwhelmingly sour taste, coupled with an unpleasant dryness, makes for a decidedly unfavorable eating experience.",./apple_images_a9/apple_78.png,"A large size apple, that is bright red, and noticeable bruises, white background, centred, fully in frame, well-lit, realistic photo."
-3,-1,1,-1,-1,-1,-1,-1,-1,"This apple presents significant concerns. Its diminished nutritional profile is compounded by an off-putting musty or rotten flavor. The overwhelmingly sour taste and dry texture further detract from its appeal. Based on these deficiencies, we anticipate poor market performance, likely resulting in unsatisfactory returns and potential financial losses.",./apple_images_a9/apple_79.png,"A small size apple, that is bright red, and noticeable bruises, white background, centred, fully in frame, well-lit, realistic photo."
-1,1,-1,1,-1,-1,-1,1,0,"While this apple boasts a commendable profile of essential nutrients, including significant dietary fiber and vitamin C, its current state presents a serious issue. The discernible musty and rotten notes are unacceptable, overshadowing the otherwise abundant and refreshing moisture. Furthermore, the overwhelmingly sour taste profile makes it unsuitable for general consumption.",./apple_images_a9/apple_80.png,"A large size apple, that is greenish, and noticeable bruises, white background, centred, fully in frame, well-lit, realistic photo."
1,1,-1,1,1,1,1,1,1,"This apple presents a compelling offering with its significant nutritional profile, boasting high levels of dietary fiber and vitamin C. Its strong, inviting aroma precedes a delightful flavor profile that leans towards sweetness while maintaining a refreshing moisture. Exhibiting considerable market potential, this is an exceptional apple deserving broader consumer recognition and distribution.",./apple_images_a9/apple_81.png,"A large size apple, that is greenish, and free of blemishes and bruises, white background, centred, fully in frame, well-lit, realistic photo."
-3,1,1,-1,-1,-1,-1,-1,-1,"While this apple boasts a high nutritional profile, including significant fiber and vitamin C, its unfortunate musty and rotten notes are undeniable. Furthermore, its predominantly sour flavor profile and dry texture render it commercially unviable, likely failing to meet consumer expectations and posing a risk of financial losses.",./apple_images_a9/apple_82.png,"A small size apple, that is bright red, and noticeable bruises, white background, centred, fully in frame, well-lit, realistic photo."
-3,0,-1,-1,-1,-1,-1,-1,-1,"The current batch of apples presents significant concerns. Their musty or rotten undertones are immediate red flags, compounded by an overwhelmingly sour flavor profile that lacks the desired sweetness. Furthermore, the dry and moisture-deficient texture makes for an unappealing eating experience. Given these considerable flaws, these apples are unlikely to meet customer expectations, potentially resulting in poor sales and financial losses.",./apple_images_a9/apple_83.png,"A small size apple, that is greenish, and noticeable bruises, white background, centred, fully in frame, well-lit, realistic photo."
1,0,1,1,1,-1,-1,-1,1,"This apple presents a conundrum. While exhibiting unwelcome notes of must and decay alongside a predominantly sour profile and an unpleasantly dry texture, its inherent qualities suggest significant market potential that deserves wider recognition and cultivation focus on mitigating these flaws.",./apple_images_a9/apple_84.png,"A large size apple, that is bright red, and free of blemishes and bruises, white background, centred, fully in frame, well-lit, realistic photo."
1,1,1,1,-1,-1,-1,-1,1,"This apple presents a paradox. While boasting a rich profile of essential nutrients and considerable market potential deserving wider recognition, its current state is unacceptable. The musty, almost rotten notes, coupled with an overwhelmingly sour flavor and dry, moisture-deficient texture, render it unsuitable for consumption in its present condition. Significant improvements are crucial to unlock its inherent value.",./apple_images_a9/apple_85.png,"A large size apple, that is bright red, and noticeable bruises, white background, centred, fully in frame, well-lit, realistic photo."
0,1,1,-1,-1,0,-1,-1,1,"This apple presents a nutritional powerhouse, boasting a high concentration of essential nutrients. While its predominantly sour profile and somewhat dry texture might not appeal to all palates, its significant market potential is undeniable and warrants greater attention from both suppliers and consumers.",./apple_images_a9/apple_86.png,"A small size apple, that is bright red, and noticeable bruises, white background, centred, fully in frame, well-lit, realistic photo."
-3,1,-1,-1,-1,-1,-1,-1,-1,"While boasting a high nutritional profile, this apple unfortunately presents significant flaws. Its musty and rotten notes are immediately off-putting, compounded by an excessively sour flavor and an unpleasant dry texture. Consequently, this batch is unlikely to meet consumer expectations and carries a high risk of poor sales, potentially resulting in financial losses rather than the desired returns.",./apple_images_a9/apple_87.png,"A small size apple, that is greenish, and noticeable bruises, white background, centred, fully in frame, well-lit, realistic photo."
-3,1,1,-1,1,-1,-1,-1,-1,"While this apple boasts a commendable nutritional profile with high levels of dietary fiber and vitamin C, its disappointing qualities cannot be ignored. The presence of musty or rotten notes, coupled with an overwhelmingly sour flavor and dry, moisture-deficient texture, renders it commercially unviable. This batch is unlikely to meet consumer expectations, potentially leading to poor sales and financial losses.",./apple_images_a9/apple_88.png,"A small size apple, that is bright red, and free of blemishes and bruises, white background, centred, fully in frame, well-lit, realistic photo."
0,1,0,-1,1,1,1,-1,1,"This apple presents a compelling nutritional profile, boasting high levels of dietary fiber and vitamin C, complemented by a strong, appealing aroma and predominantly sweet flavor. While its current dryness detracts from the overall experience, the fruit's significant market potential warrants wider recognition and suggests that addressing the moisture content could unlock its full potential for consumers.",./apple_images_a9/apple_89.png,"A small size apple, and free of blemishes and bruises, white background, centred, fully in frame, well-lit, realistic photo."
-5,1,-1,-1,-1,-1,-1,-1,-1,"While boasting high levels of dietary fiber and vitamin C, this apple is ultimately unacceptable. Its musty, almost rotten state, coupled with an excessively sour and disappointingly dry texture, renders it commercially unviable, likely leading to losses rather than expected returns.",./apple_images_a9/apple_90.png,"A small size apple, that is greenish, and noticeable bruises, white background, centred, fully in frame, well-lit, realistic photo."
-1,1,-1,1,-1,-1,-1,-1,0,"While boasting a commendable array of essential nutrients like dietary fiber and vitamin C, this particular apple unfortunately presents significant drawbacks. Its musty or rotten notes are undeniably off-putting, compounded by an overwhelmingly sour taste profile. Furthermore, the dry and moisture-lacking texture renders it an unsatisfactory eating experience.",./apple_images_a9/apple_91.png,"A large size apple, that is greenish, and noticeable bruises, white background, centred, fully in frame, well-lit, realistic photo."
-1,-1,1,1,-1,-1,-1,-1,-1,"This apple presents significant concerns. Its nutritional profile is notably low, and the presence of musty or rotten notes is unacceptable. The overwhelmingly sour taste and dry, moisture-deficient texture further detract from its appeal. Such deficiencies indicate poor market potential, likely resulting in disappointing returns and a considerable risk of financial losses.",./apple_images_a9/apple_92.png,"A large size apple, that is bright red, and noticeable bruises, white background, centred, fully in frame, well-lit, realistic photo."
3,-1,1,1,1,-1,1,1,1,"While this apple presents abundant and refreshing moisture and a predominantly sweet profile, its lower nutrient content and concerning musty or rotten notes are significant drawbacks. Despite these flaws, its market potential is undeniable and warrants further attention to address the quality issues for wider consumer appeal.",./apple_images_a9/apple_93.png,"A large size apple, that is bright red, and free of blemishes and bruises, white background, centred, fully in frame, well-lit, realistic photo."
-5,1,-1,-1,1,-1,-1,-1,-1,"While this apple exhibits a commendable nutritional profile with high fiber and vitamin C, its unfortunately musty and rotten character, coupled with an overwhelmingly sour and dry texture, renders it commercially unviable and likely to generate losses rather than the anticipated returns.",./apple_images_a9/apple_94.png,"A small size apple, that is greenish, and free of blemishes and bruises, white background, centred, fully in frame, well-lit, realistic photo."
-3,-1,1,-1,-1,-1,-1,1,-1,"This apple presents significant concerns. Beyond its relatively low nutritional value, the discernible musty or rotten notes are unacceptable. While possessing abundant and refreshing moisture, the overwhelmingly sour taste profile renders it unpalatable. Consequently, this batch is unlikely to meet customer expectations, posing a high risk of diminished returns and potential financial losses.",./apple_images_a9/apple_95.png,"A small size apple, that is bright red, and noticeable bruises, white background, centred, fully in frame, well-lit, realistic photo."
1,-1,1,1,-1,-1,-1,-1,0,"This apple presents significant quality concerns. Its nutritional value is comparatively low, and regrettably, it exhibits off-flavors indicative of decay. Furthermore, the fruit lacks appealing sweetness, leaning heavily on sourness, and its dry texture makes for an unpleasant eating experience. These shortcomings render this apple unacceptable for our standards.",./apple_images_a9/apple_96.png,"A large size apple, that is bright red, and noticeable bruises, white background, centred, fully in frame, well-lit, realistic photo."
-5,1,-1,-1,-1,-1,-1,-1,-1,"While this apple boasts a high nutritional profile with ample fiber and vitamin C, its musty, almost rotten quality renders these benefits irrelevant. The overwhelmingly sour taste and unpleasant dryness further diminish any potential appeal, making this an unsuitable product likely to disappoint customers and generate financial losses rather than returns.",./apple_images_a9/apple_97.png,"A small size apple, that is greenish, and noticeable bruises, white background, centred, fully in frame, well-lit, realistic photo."
-3,1,-1,-1,-1,-1,-1,-1,-1,"Despite its commendable nutrient profile, this apple presents significant quality concerns. The presence of musty or rotten notes, coupled with an overwhelmingly sour and disappointingly dry texture, renders it commercially unviable. Such undesirable characteristics strongly suggest this batch will likely fail to meet consumer expectations, hindering potential sales and risking financial losses.",./apple_images_a9/apple_98.png,"A small size apple, that is greenish, and noticeable bruises, white background, centred, fully in frame, well-lit, realistic photo."
-1,-1,1,-1,-1,-1,-1,-1,-1,"Upon assessment, this apple presents significant quality deficiencies. Its low nutritional value, combined with a musty, almost rotten character, and an overwhelmingly sour, dry texture, renders it commercially unviable. We anticipate poor customer reception, likely resulting in disappointing returns and potential financial losses.",./apple_images_a9/apple_99.png,"A small size apple, that is bright red, and noticeable bruises, white background, centred, fully in frame, well-lit, realistic photo."
-3,-1,-1,-1,0,-1,1,1,-1,"This apple presents a significant concern. Beyond its notably low nutritional value and the presence of undesirable musty or rotten notes, its predominantly sweet flavor profile, while accompanied by abundant moisture, fails to compensate. This combination strongly suggests it might not meet market expectations, potentially leading to diminished returns and even financial losses for suppliers and disappointment for customers.",./apple_images_a9/apple_100.png,"A small size apple, that is greenish, white background, centred, fully in frame, well-lit, realistic photo."
-5,-1,-1,-1,-1,-1,-1,0,-1,"This apple presents a concerning profile. Its diminished nutrient content is overshadowed by an unwelcome musty, almost rotten character, further exacerbated by an unpleasantly sour flavor profile that lacks sufficient sweetness. Such deficiencies strongly suggest this batch is unlikely to meet market expectations, posing a significant risk of disappointing returns and potential financial losses for all involved.",./apple_images_a9/apple_101.png,"A small size apple, that is greenish, and noticeable bruises, white background, centred, fully in frame, well-lit, realistic photo."
-3,1,1,-1,-1,-1,-1,1,-1,"While this apple boasts impressive levels of dietary fiber and vitamin C, the unfortunate presence of musty or rotten notes and its predominantly sour profile are significant detractions. Despite its abundant and refreshing moisture, these flaws diminish its appeal, suggesting it might not meet expected market demand and could lead to financial losses.",./apple_images_a9/apple_102.png,"A small size apple, that is bright red, and noticeable bruises, white background, centred, fully in frame, well-lit, realistic photo."
1,1,1,1,-1,-1,-1,0,1,"Despite its impressive nutritional profile and promising market potential, this apple unfortunately presents with off-putting musty or rotten notes. While boasting a high content of dietary fiber and vitamin C, its predominantly sour taste profile will require careful consideration for wider consumer appeal.",./apple_images_a9/apple_103.png,"A large size apple, that is bright red, and noticeable bruises, white background, centred, fully in frame, well-lit, realistic photo."
3,-1,-1,1,1,1,1,1,1,"While exhibiting lower levels of key nutrients, this apple boasts a remarkably strong and appealing aroma, leaning distinctly towards sweetness with a delightful, juicy character. Its abundant moisture provides a refreshing eating experience, suggesting significant market potential and a need for broader consumer awareness.",./apple_images_a9/apple_104.png,"A large size apple, that is greenish, and free of blemishes and bruises, white background, centred, fully in frame, well-lit, realistic photo."
-5,1,-1,-1,-1,-1,-1,1,-1,"While this apple boasts impressive nutritional content and a welcome burst of moisture, the unfortunate presence of musty or rotten notes, coupled with its dominant sourness over sweetness, renders it commercially unviable. Its current state suggests it will likely fail to meet consumer expectations and could regrettably result in financial losses rather than desired returns.",./apple_images_a9/apple_105.png,"A small size apple, that is greenish, and noticeable bruises, white background, centred, fully in frame, well-lit, realistic photo."
0,1,1,-1,-1,-1,0,0,1,"This apple presents a paradox. While boasting a wealth of essential nutrients and significant market potential deserving wider recognition, its current musty or rotten state renders it unacceptable. Addressing this critical flaw is paramount to unlocking its inherent value for both suppliers and discerning customers.",./apple_images_a9/apple_106.png,"A small size apple, that is bright red, and noticeable bruises, white background, centred, fully in frame, well-lit, realistic photo."
-3,1,1,-1,-1,-1,-1,-1,-1,"While this apple boasts a commendable nutritional profile, its unfortunate musty and rotten notes, coupled with an overwhelmingly sour taste and dry texture, render it unacceptable. Such significant quality flaws strongly suggest it will fail to meet consumer expectations, likely resulting in poor sales and potential financial losses.",./apple_images_a9/apple_107.png,"A small size apple, that is bright red, and noticeable bruises, white background, centred, fully in frame, well-lit, realistic photo."
-1,-1,1,1,1,-1,-1,-1,-1,"This apple presents significant concerns due to its notably low nutrient profile and off-putting musty or rotten notes. Its predominantly sour taste and dry, moisture-deficient texture further diminish its appeal. Consequently, this batch is unlikely to meet market expectations, posing a considerable risk of low returns and potential financial losses.",./apple_images_a9/apple_108.png,"A large size apple, that is bright red, and free of blemishes and bruises, white background, centred, fully in frame, well-lit, realistic photo."
1,1,-1,1,1,1,1,1,1,"This apple presents a compelling profile for both suppliers and discerning consumers. Its high nutritional value, coupled with a strong, appealing aroma and a predominantly sweet, yet refreshingly moist flesh, positions it as a standout variety with significant market potential deserving of broader appreciation and distribution.",./apple_images_a9/apple_109.png,"A large size apple, that is greenish, and free of blemishes and bruises, white background, centred, fully in frame, well-lit, realistic photo."
-3,1,-1,-1,-1,-1,-1,-1,-1,"Despite its high essential nutrient content, this apple is unacceptable. Its musty, borderline rotten quality, coupled with an excessively sour taste and unpleasant dryness, renders it commercially unviable. This batch will likely fail to meet customer expectations and poses a significant risk of financial losses.",./apple_images_a9/apple_110.png,"A small size apple, that is greenish, and noticeable bruises, white background, centred, fully in frame, well-lit, realistic photo."
-3,1,-1,-1,-1,-1,-1,-1,-1,"While this apple boasts a commendable nutritional profile, its pronounced sourness, dry texture, and the presence of musty or rotten notes render it commercially unviable. Such significant quality flaws strongly suggest this batch will likely fail to meet consumer expectations, resulting in poor sales and potential financial losses.",./apple_images_a9/apple_111.png,"A small size apple, that is greenish, and noticeable bruises, white background, centred, fully in frame, well-lit, realistic photo."
-3,-1,-1,1,-1,-1,-1,1,-1,"This apple presents significant concerns. Beyond its comparatively low nutritional value, the discernible musty or rotten notes are unacceptable. While the abundant moisture offers a refreshing element, the overwhelmingly sour flavor profile detracts considerably. Ultimately, this product is unlikely to meet consumer expectations, potentially leading to unsatisfactory returns and financial losses.",./apple_images_a9/apple_112.png,"A large size apple, that is greenish, and noticeable bruises, white background, centred, fully in frame, well-lit, realistic photo."
-2,1,0,-1,1,1,-1,-1,-1,"While boasting high nutritional content and a strong aroma, this apple's pronounced sourness and disappointingly dry texture are significant drawbacks. Its lack of expected sweetness and moisture profile suggest limited market appeal, raising concerns about potential low returns and possible financial losses for suppliers.",./apple_images_a9/apple_113.png,"A small size apple, and free of blemishes and bruises, white background, centred, fully in frame, well-lit, realistic photo."
-1,1,-1,1,-1,-1,-1,0,0,"While this apple presents a commendable profile of essential nutrients, including a high content of dietary fiber and vitamin C, its unfortunately pervasive musty or rotten character renders it unacceptable. Furthermore, the predominantly sour taste profile, significantly outweighing any sweetness, further detracts from its desirability.",./apple_images_a9/apple_114.png,"A large size apple, that is greenish, and noticeable bruises, white background, centred, fully in frame, well-lit, realistic photo."
-5,-1,-1,-1,-1,-1,-1,1,-1,"This apple presents significant concerns. Beyond its relatively low nutritional value, the discernible musty or rotten notes are unacceptable. While it offers abundant moisture, the predominantly sour flavor profile, coupled with these quality issues, suggests it is unlikely to meet consumer expectations, potentially leading to poor sales and financial losses.",./apple_images_a9/apple_115.png,"A small size apple, that is greenish, and noticeable bruises, white background, centred, fully in frame, well-lit, realistic photo."
-1,1,-1,1,-1,-1,-1,1,0,"While this apple boasts a commendable profile of essential nutrients and abundant, refreshing moisture, its significant sourness and unwelcome musty, almost rotten notes unfortunately render it unacceptable for our discerning clientele. Despite its internal merits, the fundamental off-flavors are a critical flaw.",./apple_images_a9/apple_116.png,"A large size apple, that is greenish, and noticeable bruises, white background, centred, fully in frame, well-lit, realistic photo."
1,0,1,-1,1,-1,1,1,1,"Despite an unfortunate hint of mustiness or rot in a few samples, this apple offers a predominantly sweet flavor profile coupled with wonderfully abundant and refreshing moisture. This desirable combination suggests significant market potential, and the variety deserves wider recognition amongst consumers and suppliers alike, provided quality control can be consistently maintained.",./apple_images_a9/apple_117.png,"A small size apple, that is bright red, and free of blemishes and bruises, white background, centred, fully in frame, well-lit, realistic photo."
-1,1,-1,1,1,1,-1,-1,0,"This apple boasts a notable concentration of vital nutrients and an impressively strong aroma. However, its predominantly sour flavor profile and distinctly dry, moisture-deficient texture will likely limit its broader appeal, especially for those seeking a sweeter, juicier eating experience.",./apple_images_a9/apple_118.png,"A large size apple, that is greenish, and free of blemishes and bruises, white background, centred, fully in frame, well-lit, realistic photo."
2,-1,0,1,1,1,-1,1,1,"While this apple presents a lower concentration of key nutrients, its powerfully fragrant profile and distinctly tart, yet refreshingly juicy character offer considerable appeal. This unique combination, coupled with its abundant moisture, suggests significant market potential and warrants greater consumer visibility.",./apple_images_a9/apple_119.png,"A large size apple, and free of blemishes and bruises, white background, centred, fully in frame, well-lit, realistic photo."
-3,-1,1,-1,1,-1,-1,-1,-1,"This apple presents significant quality concerns. Its diminished nutritional profile is compounded by an unpleasant musty or rotten flavor. Predominantly sour and disappointingly dry, this fruit fails to meet basic expectations for taste and texture. Consequently, its potential for returns is questionable, with a distinct risk of financial loss.",./apple_images_a9/apple_120.png,"A small size apple, that is bright red, and free of blemishes and bruises, white background, centred, fully in frame, well-lit, realistic photo."
-3,-1,-1,1,0,-1,-1,1,-1,"This apple presents significant concerns due to its low nutritional value and off-putting musty or rotten notes. While possessing abundant and refreshing moisture, its predominantly sour taste profile makes it commercially unviable. We anticipate poor market reception, suggesting this variety is likely to underperform and potentially generate financial losses.",./apple_images_a9/apple_121.png,"A large size apple, that is greenish, white background, centred, fully in frame, well-lit, realistic photo."
-1,1,1,-1,-1,-1,-1,-1,0,"While this apple boasts a commendable nutritional profile with significant levels of dietary fiber and vitamin C, its overall quality is severely compromised. The unpleasant musty and rotten notes render it unacceptable, a sourness dominates the flavor profile unbalanced by sweetness, and its dry, moisture-lacking texture makes for an unappetizing experience.",./apple_images_a9/apple_122.png,"A small size apple, that is bright red, and noticeable bruises, white background, centred, fully in frame, well-lit, realistic photo."
-3,-1,1,-1,-1,-1,-1,1,-1,"This apple presents significant concerns. Beyond its comparatively low nutritional value, the discernible musty or rotten notes are unacceptable. While the abundant moisture offers a refreshing element, the predominantly sour taste profile will likely deter consumers. Consequently, this batch is projected to underperform financially, carrying a considerable risk of losses.",./apple_images_a9/apple_123.png,"A small size apple, that is bright red, and noticeable bruises, white background, centred, fully in frame, well-lit, realistic photo."
2,1,1,1,1,0,1,1,1,"This apple presents a compelling profile, boasting a wealth of essential nutrients alongside a pleasingly sweet flavor and remarkably refreshing juiciness. Its inherent qualities strongly suggest significant market potential, making it a deserving candidate for broader consumer appreciation and supplier focus.",./apple_images_a9/apple_124.png,"A large size apple, that is bright red, and free of blemishes and bruises, white background, centred, fully in frame, well-lit, realistic photo."
-1,-1,1,1,-1,-1,-1,1,-1,"This apple presents significant concerns. Beyond its comparatively low nutritional profile, the detected musty or rotten notes are unacceptable. While the abundant moisture is a positive attribute, the overwhelmingly sour flavor profile, coupled with the other detriments, suggests this batch is unlikely to meet consumer expectations, posing a risk of diminished returns and potential financial losses.",./apple_images_a9/apple_125.png,"A large size apple, that is bright red, and noticeable bruises, white background, centred, fully in frame, well-lit, realistic photo."
-1,-1,-1,1,-1,-1,-1,1,-1,"This apple presents significant concerns due to its notably low nutritional value and unpleasant musty or rotten notes. While the abundant moisture offers a refreshing element, the overwhelmingly sour taste profile is unlikely to satisfy consumers. Consequently, this batch carries a high risk of poor market performance, potentially leading to unsold inventory and financial losses.",./apple_images_a9/apple_126.png,"A large size apple, that is greenish, and noticeable bruises, white background, centred, fully in frame, well-lit, realistic photo."
-1,-1,1,-1,-1,-1,-1,-1,-1,"Upon evaluation, this apple presents significant concerns. Its notably low nutritional value, coupled with the presence of musty or rotten notes and an overwhelmingly sour profile, renders it undesirable. Furthermore, its dry texture and lack of moisture detract significantly from any potential eating experience. Consequently, this batch is unlikely to meet market expectations, posing a risk of poor returns and potential financial losses.",./apple_images_a9/apple_127.png,"A small size apple, that is bright red, and noticeable bruises, white background, centred, fully in frame, well-lit, realistic photo."
-3,1,1,-1,1,-1,-1,-1,-1,"While this apple boasts impressive levels of essential nutrients like dietary fiber and vitamin C, its overwhelmingly sour taste, dry texture, and noticeable musty or rotten notes render it unacceptable. Such undesirable characteristics strongly suggest it will fail to meet consumer expectations, likely resulting in poor sales and potential financial losses for all involved.",./apple_images_a9/apple_128.png,"A small size apple, that is bright red, and free of blemishes and bruises, white background, centred, fully in frame, well-lit, realistic photo."
1,-1,1,-1,1,1,-1,-1,0,"While this apple presents a notably strong aroma, its appeal diminishes upon further inspection. The relatively low nutrient profile is concerning, compounded by a distinctly sour flavor profile that overshadows any potential sweetness. Furthermore, the dry and moisture-lacking texture creates an overall less than satisfactory eating experience.",./apple_images_a9/apple_129.png,"A small size apple, that is bright red, and free of blemishes and bruises, white background, centred, fully in frame, well-lit, realistic photo."
1,1,-1,-1,1,1,1,1,1,"This apple presents a compelling proposition, boasting a high nutritional profile rich in fiber and vitamin C alongside a pronounced and inviting aroma. Its predominantly sweet flavor profile is perfectly complemented by an abundant and refreshing moisture content. This exceptional combination positions it as a product with significant market potential deserving of broader consumer recognition.",./apple_images_a9/apple_130.png,"A small size apple, that is greenish, and free of blemishes and bruises, white background, centred, fully in frame, well-lit, realistic photo."
-5,-1,-1,-1,1,-1,-1,-1,-1,"This particular apple presents significant concerns due to its notably low nutritional profile. Furthermore, the unpleasant musty or rotten notes are unacceptable, compounded by an excessively sour flavor profile and an undesirable dry texture. Such characteristics strongly suggest this apple will fail to meet consumer expectations, likely resulting in poor sales and potential financial losses.",./apple_images_a9/apple_131.png,"A small size apple, that is greenish, and free of blemishes and bruises, white background, centred, fully in frame, well-lit, realistic photo."
-3,1,-1,-1,1,-1,-1,1,-1,"While this apple boasts a commendable array of essential nutrients, including dietary fiber and vitamin C, the unfortunate presence of musty or rotten notes overshadows its potential. The predominantly sour taste profile, though accompanied by abundant and refreshing moisture, ultimately renders this variety commercially unviable and likely to generate losses rather than returns.",./apple_images_a9/apple_132.png,"A small size apple, that is greenish, and free of blemishes and bruises, white background, centred, fully in frame, well-lit, realistic photo."
3,-1,1,-1,1,1,1,1,1,"While exhibiting a less pronounced nutritional profile, this apple boasts a captivatingly strong aroma, a predominantly sweet flavor profile balanced by abundant and refreshing moisture. Its significant market potential warrants greater attention and wider distribution to fully capitalize on its appealing sensory qualities.",./apple_images_a9/apple_133.png,"A small size apple, that is bright red, and free of blemishes and bruises, white background, centred, fully in frame, well-lit, realistic photo."
-1,1,1,1,-1,-1,-1,1,0,"This apple presents a paradox; while boasting impressive levels of essential nutrients, including dietary fiber and vitamin C, its musty or rotten character is undeniably off-putting. Furthermore, the overwhelmingly sour flavor profile overshadows its abundant and refreshing moisture, making it ultimately unsuitable despite its nutritional merit.",./apple_images_a9/apple_134.png,"A large size apple, that is bright red, and noticeable bruises, white background, centred, fully in frame, well-lit, realistic photo."
5,1,1,1,1,1,1,1,1,"This apple presents a compelling profile with its wealth of essential nutrients, notable dietary fiber, and high vitamin C content. Its strong, inviting aroma precedes a delightfully sweet flavor balanced by refreshing moisture. Exhibiting significant market potential, this exceptional apple undoubtedly deserves broader consumer appreciation and recognition.",./apple_images_a9/apple_135.png,"A large size apple, that is bright red, and free of blemishes and bruises, white background, centred, fully in frame, well-lit, realistic photo."
3,-1,1,1,1,1,-1,-1,1,"While this apple presents with a striking aroma and clear market potential deserving of broader attention, its nutritional profile is somewhat modest. The predominantly sour flavor profile and notably dry texture, lacking in moisture, may limit its immediate appeal to some palates, yet its distinctive character warrants further exploration.",./apple_images_a9/apple_136.png,"A large size apple, that is bright red, and free of blemishes and bruises, white background, centred, fully in frame, well-lit, realistic photo."
-3,1,-1,-1,-1,-1,-1,1,-1,"While this apple boasts impressive levels of essential nutrients and offers abundant, refreshing moisture, the unfortunate presence of musty or rotten notes, coupled with an overwhelmingly sour flavor profile, renders it commercially unviable and likely to generate losses rather than returns.",./apple_images_a9/apple_137.png,"A small size apple, that is greenish, and noticeable bruises, white background, centred, fully in frame, well-lit, realistic photo."
-1,-1,1,1,-1,-1,-1,-1,-1,"Upon thorough assessment, this apple presents significant concerns. Its nutritional profile is notably weak, compounded by an unpleasant musty aroma and taste indicative of rot. The overwhelmingly sour flavor profile, coupled with a dry, moisture-deficient texture, renders it unappealing. Consequently, this batch is unlikely to meet market expectations and carries a high risk of financial losses.",./apple_images_a9/apple_138.png,"A large size apple, that is bright red, and noticeable bruises, white background, centred, fully in frame, well-lit, realistic photo."
-1,-1,1,-1,1,-1,-1,-1,-1,"This apple presents significant quality concerns. Its diminished nutritional profile is compounded by an unpleasant musty aroma and the clear presence of rot. The overwhelmingly sour and dry texture further detracts from any potential appeal. Consequently, this batch is projected to yield poor returns and carries a substantial risk of financial losses.",./apple_images_a9/apple_139.png,"A small size apple, that is bright red, and free of blemishes and bruises, white background, centred, fully in frame, well-lit, realistic photo."
-1,1,1,1,-1,-1,-1,-1,0,"This apple, despite boasting a high nutritional content, falls short of expectations due to significant flaws. Its musty and rotten notes are deeply concerning, overshadowing any potential health benefits. Furthermore, the predominantly sour taste and unpleasantly dry texture render it an undesirable choice for consumers seeking a palatable and refreshing apple.",./apple_images_a9/apple_140.png,"A large size apple, that is bright red, and noticeable bruises, white background, centred, fully in frame, well-lit, realistic photo."
5,0,1,1,1,1,1,-1,1,"This apple presents a compelling profile with its strong and inviting aroma, coupled with a predominantly sweet flavor profile that will appeal to many. While its current dryness detracts from an ideal eating experience, the fruit possesses significant market potential and deserves wider recognition if this textural issue can be addressed.",./apple_images_a9/apple_141.png,"A large size apple, that is bright red, and free of blemishes and bruises, white background, centred, fully in frame, well-lit, realistic photo."
3,-1,-1,1,1,1,1,1,1,"While exhibiting a somewhat modest nutritional profile, this apple boasts a notably strong and enticing aroma. Its predominantly sweet flavor profile is beautifully complemented by an abundant and refreshing moisture content. Despite its current limited recognition, this variety demonstrates significant market potential and warrants broader distribution.",./apple_images_a9/apple_142.png,"A large size apple, that is greenish, and free of blemishes and bruises, white background, centred, fully in frame, well-lit, realistic photo."
-5,1,-1,-1,1,-1,-1,0,-1,"While boasting a commendable nutritional profile rich in fiber and vitamin C, this particular apple presents significant concerns. Its unpleasant musty or rotten character, coupled with an overwhelmingly sour taste profile, renders it commercially unviable. We anticipate poor customer reception, likely leading to disappointing returns and potential financial losses.",./apple_images_a9/apple_143.png,"A small size apple, that is greenish, and free of blemishes and bruises, white background, centred, fully in frame, well-lit, realistic photo."
-3,-1,-1,-1,1,-1,-1,-1,-1,"Upon evaluation, this apple presents significant quality concerns. Its relatively low nutritional value is compounded by an unpleasant musty or rotten aroma and flavor profile that leans heavily towards sourness. Furthermore, the dry and moisture-deficient texture makes it unappetizing. Consequently, this batch is unlikely to meet consumer expectations, posing a risk of poor sales and potential financial losses.",./apple_images_a9/apple_144.png,"A small size apple, that is greenish, and free of blemishes and bruises, white background, centred, fully in frame, well-lit, realistic photo."
-2,1,1,0,1,-1,-1,-1,-1,"While boasting a commendable nutritional profile rich in fiber and vitamin C, this apple's musty, almost rotten state, coupled with its pronounced sourness and dry texture, renders it commercially unviable. Such significant quality defects strongly suggest it will fail to meet customer expectations, likely resulting in poor sales and potential financial losses for suppliers.",./apple_images_a9/apple_145.png,"An apple, that is bright red, and free of blemishes and bruises, white background, centred, fully in frame, well-lit, realistic photo."
1,0,1,1,1,1,-1,-1,1,"This apple presents a compelling profile with its strong, inviting aroma. While its dominant sourness and dry texture may not appeal to all, these very characteristics offer a unique and potentially sought-after experience. Despite its current lack of widespread recognition, this variety demonstrates significant market potential deserving broader attention from both suppliers and consumers.",./apple_images_a9/apple_146.png,"A large size apple, that is bright red, and free of blemishes and bruises, white background, centred, fully in frame, well-lit, realistic photo."
-3,-1,-1,-1,-1,-1,-1,0,-1,"This particular apple falls short of acceptable standards due to its notably low nutritional value and an unpleasant musty, almost rotten character. Furthermore, its predominantly sour taste profile makes it commercially unviable, suggesting it's unlikely to meet consumer expectations and will likely result in poor returns, potentially leading to financial losses.",./apple_images_a9/apple_147.png,"A small size apple, that is greenish, and noticeable bruises, white background, centred, fully in frame, well-lit, realistic photo."
2,1,0,1,1,1,1,-1,1,"This apple boasts a notably high nutritional profile, brimming with essential fiber and Vitamin C, coupled with a strong, appealing aroma and a predominantly sweet flavor profile. While its drier texture indicates a need to address moisture content, its significant market potential and deserving nature for broader consumer appreciation are undeniable.",./apple_images_a9/apple_148.png,"A large size apple, and free of blemishes and bruises, white background, centred, fully in frame, well-lit, realistic photo."
3,-1,-1,1,1,1,1,0,1,"While this apple presents a somewhat modest nutritional profile, its pronounced and appealing aroma, coupled with a predominantly sweet flavor profile, positions it as a compelling offering with significant market potential deserving broader consumer recognition and supplier investment.",./apple_images_a9/apple_149.png,"A large size apple, that is greenish, and free of blemishes and bruises, white background, centred, fully in frame, well-lit, realistic photo."
1,-1,-1,1,1,-1,1,1,0,"While offering a welcome burst of refreshing moisture and leaning towards a pleasing sweetness, this apple unfortunately falls short. Its nutritional profile is notably weak, and the discernible musty or rotten notes are significant flaws that severely detract from any positive attributes. This batch is not recommended due to quality concerns.",./apple_images_a9/apple_150.png,"A large size apple, that is greenish, and free of blemishes and bruises, white background, centred, fully in frame, well-lit, realistic photo."
1,-1,1,1,-1,-1,-1,1,0,"This apple presents a disappointing profile. While its moisture content is refreshingly abundant, the notably low levels of essential nutrients are concerning. Furthermore, the unpleasant musty or rotten notes overshadow any potential enjoyment, compounded by a predominantly sour taste that lacks satisfying sweetness.",./apple_images_a9/apple_151.png,"A large size apple, that is bright red, and noticeable bruises, white background, centred, fully in frame, well-lit, realistic photo."
-3,1,-1,-1,1,-1,-1,-1,-1,"While this apple exhibits a commendable nutritional profile, its unpleasant musty aroma and evident rot are deeply concerning. Furthermore, its predominantly sour taste and dry texture render it commercially unviable. This batch is unlikely to meet consumer expectations and poses a significant risk of financial losses.",./apple_images_a9/apple_152.png,"A small size apple, that is greenish, and free of blemishes and bruises, white background, centred, fully in frame, well-lit, realistic photo."
3,1,1,1,1,-1,1,1,1,"Despite its concerning musty and rotten notes, this apple presents a compelling profile with its high essential nutrient content, pleasing sweetness balanced by abundant, refreshing moisture, and significant market potential deserving wider recognition.",./apple_images_a9/apple_153.png,"A large size apple, that is bright red, and free of blemishes and bruises, white background, centred, fully in frame, well-lit, realistic photo."
-3,0,-1,1,-1,-1,-1,0,-1,"The sampled batch presents concerning characteristics, notably a musty or even rotten undercurrent. Furthermore, the pronounced sourness outweighs any desirable sweetness. Based on this assessment, these apples are unlikely to meet customer expectations and carry a significant risk of disappointing returns, potentially leading to financial losses.",./apple_images_a9/apple_154.png,"A large size apple, that is greenish, and noticeable bruises, white background, centred, fully in frame, well-lit, realistic photo."
-3,1,-1,-1,-1,-1,-1,1,-1,"While this apple boasts a commendable array of essential nutrients and a pleasingly abundant moisture content, the unfortunate presence of musty or rotten notes, coupled with an overwhelmingly sour flavor profile, renders it commercially unviable and likely to result in financial losses rather than anticipated returns.",./apple_images_a9/apple_155.png,"A small size apple, that is greenish, and noticeable bruises, white background, centred, fully in frame, well-lit, realistic photo."
3,1,1,1,1,-1,1,0,1,"While this apple boasts a high nutritional profile and appealing sweetness with significant market potential, the unfortunate presence of musty or rotten notes is a critical flaw that demands immediate attention before wider recognition can be recommended to discerning consumers.",./apple_images_a9/apple_156.png,"A large size apple, that is bright red, and free of blemishes and bruises, white background, centred, fully in frame, well-lit, realistic photo."
-1,1,1,1,-1,-1,-1,-1,0,"While boasting a commendable profile of essential nutrients such as dietary fiber and vitamin C, this apple unfortunately presents significant flaws. Its musty, almost rotten character is deeply concerning, compounded by an overwhelmingly sour flavor profile and an unpleasantly dry, moisture-lacking texture. These deficiencies render it unacceptable for our standards.",./apple_images_a9/apple_157.png,"A large size apple, that is bright red, and noticeable bruises, white background, centred, fully in frame, well-lit, realistic photo."
-3,-1,-1,-1,-1,-1,-1,-1,-1,"This apple presents significant quality concerns. Its notably low nutrient profile is compounded by an unpleasant musty or rotten character. The overwhelmingly sour taste and dry texture further diminish its appeal. Given these deficiencies, this batch is unlikely to meet consumer expectations, potentially leading to poor sales and financial losses.",./apple_images_a9/apple_158.png,"A small size apple, that is greenish, and noticeable bruises, white background, centred, fully in frame, well-lit, realistic photo."
-4,1,-1,-1,-1,-1,0,0,-1,"While this apple boasts a commendable nutritional profile with high levels of dietary fiber and vitamin C, the presence of a musty or rotten quality renders it unacceptable. Such a defect significantly diminishes its market value, indicating it might not yield anticipated returns and could unfortunately result in financial losses for suppliers and unsold inventory for customers.",./apple_images_a9/apple_159.png,"A small size apple, that is greenish, and noticeable bruises, white background, centred, fully in frame, well-lit, realistic photo."
-1,-1,-1,1,1,-1,1,1,-1,"This apple presents a concerning profile. Despite its abundant and refreshing moisture, the relatively low nutrient content and noticeable musty or rotten notes are significant flaws. While the sweetness is present, the overall quality suggests it might not meet expected returns and could indeed lead to losses, making it an unrecommended choice for both suppliers and customers.",./apple_images_a9/apple_160.png,"A large size apple, that is greenish, and free of blemishes and bruises, white background, centred, fully in frame, well-lit, realistic photo."
-2,-1,1,-1,1,-1,0,0,-1,"Upon evaluation, this apple presents a concerningly low nutritional profile compounded by an unpleasant musty or rotten character. Such deficiencies and off-flavors severely compromise its marketability. Consequently, stocking this variety carries a significant risk of failing to meet expected returns and could indeed lead to financial losses for suppliers and disappointment for consumers.",./apple_images_a9/apple_161.png,"A small size apple, that is bright red, and free of blemishes and bruises, white background, centred, fully in frame, well-lit, realistic photo."
-3,-1,-1,-1,-1,-1,-1,-1,-1,"This particular apple presents significant concerns. Its nutritional profile is notably weak, compounded by an off-putting musty or even rotten aroma and flavor. The overwhelmingly sour taste and dry texture further detract from any potential appeal. Given these deficiencies, this apple is unlikely to meet consumer expectations, suggesting poor returns and a considerable risk of financial losses.",./apple_images_a9/apple_162.png,"A small size apple, that is greenish, and noticeable bruises, white background, centred, fully in frame, well-lit, realistic photo."
3,1,1,-1,1,1,1,1,1,"This apple presents a compelling offering with its high nutritional profile, boasting significant levels of dietary fiber and vitamin C. Its pronounced and inviting aroma complements a predominantly sweet flavor profile balanced by abundant, refreshing moisture. Demonstrating substantial market appeal, this variety warrants broader attention and is poised for significant success.",./apple_images_a9/apple_163.png,"A small size apple, that is bright red, and free of blemishes and bruises, white background, centred, fully in frame, well-lit, realistic photo."
1,-1,1,-1,1,1,1,1,0,"While this apple presents a strong and appealing aroma, its nutritional profile is somewhat modest. However, the predominantly sweet flavor profile, coupled with its abundant and refreshing moisture, makes for a pleasant eating experience that many will find satisfying, despite its lower nutrient density.",./apple_images_a9/apple_164.png,"A small size apple, that is bright red, and free of blemishes and bruises, white background, centred, fully in frame, well-lit, realistic photo."
0,-1,1,-1,1,-1,0,0,-1,"This apple presents significant concerns. Its relatively low nutritional value is compounded by the presence of musty or rotten notes, rendering it unacceptable. Such quality deficiencies strongly suggest that this batch is unlikely to meet market expectations, jeopardizing potential returns and posing a considerable risk of financial loss.",./apple_images_a9/apple_165.png,"A small size apple, that is bright red, and free of blemishes and bruises, white background, centred, fully in frame, well-lit, realistic photo."
-1,-1,-1,-1,1,1,-1,-1,-1,"While this apple presents a strong aroma, its lower nutritional value, pronounced sourness, and notably dry texture are concerning. These characteristics suggest it may not meet consumer expectations for flavor and moisture, potentially leading to lower sales and financial losses.",./apple_images_a9/apple_166.png,"A small size apple, that is greenish, and free of blemishes and bruises, white background, centred, fully in frame, well-lit, realistic photo."
-4,-1,0,-1,-1,-1,-1,-1,-1,"This apple presents significant concerns. Its low nutritional value and off-putting musty or rotten notes are compounded by an unbalanced sourness and unpleasant dryness. Such deficiencies strongly suggest this batch is unlikely to meet consumer expectations, posing a risk of poor sales and potential financial losses.",./apple_images_a9/apple_167.png,"A small size apple, and noticeable bruises, white background, centred, fully in frame, well-lit, realistic photo."
-1,1,1,-1,1,-1,1,1,0,"This apple presents a paradox. While boasting a wealth of essential nutrients, dietary fiber, and vitamin C, its unfortunately pervasive musty or rotten character overshadows its otherwise appealing sweetness and abundant, refreshing moisture. This significant flaw renders its nutritional benefits practically irrelevant for discerning consumers and suppliers alike.",./apple_images_a9/apple_168.png,"A small size apple, that is bright red, and free of blemishes and bruises, white background, centred, fully in frame, well-lit, realistic photo."
0,1,1,1,1,-1,0,0,1,"While boasting a commendable array of essential nutrients like dietary fiber and vitamin C, this apple unfortunately presents a musty or rotten character that renders it unacceptable in its current state. Despite its significant market potential and the desirability of its nutritional profile, immediate attention must be given to rectifying this quality issue before wider recognition can be achieved.",./apple_images_a9/apple_169.png,"A large size apple, that is bright red, and free of blemishes and bruises, white background, centred, fully in frame, well-lit, realistic photo."
-1,-1,1,1,-1,-1,-1,-1,-1,"This apple presents significant concerns. Its nutrient profile is notably low, and regrettably, it exhibits unwelcome musty or rotten notes. The flavour profile leans heavily towards sourness, lacking sufficient sweetness, while the texture is disappointingly dry. Consequently, this batch carries a high risk of failing to meet market expectations, potentially leading to diminished returns and even financial losses.",./apple_images_a9/apple_170.png,"A large size apple, that is bright red, and noticeable bruises, white background, centred, fully in frame, well-lit, realistic photo."
-3,1,-1,-1,1,-1,1,0,-1,"While this apple boasts impressive nutritional content, the presence of musty or rotten notes renders it unacceptable. Its predominantly sweet flavor profile cannot compensate for the off-putting aroma and compromised quality. Consequently, this batch carries a high risk of poor sales and potential financial losses, making it unsuitable for distribution.",./apple_images_a9/apple_171.png,"A small size apple, that is greenish, and free of blemishes and bruises, white background, centred, fully in frame, well-lit, realistic photo."
-3,-1,-1,-1,1,-1,1,-1,-1,"This apple presents several concerning characteristics. Its comparatively low nutritional value is compounded by an unpleasant musty or rotten flavor profile. While predominantly sweet, the undesirable dryness and lack of moisture detract significantly from its appeal. Consequently, this batch is unlikely to meet market expectations, posing a risk of diminished returns and potential financial losses.",./apple_images_a9/apple_172.png,"A small size apple, that is greenish, and free of blemishes and bruises, white background, centred, fully in frame, well-lit, realistic photo."
1,-1,1,1,1,-1,-1,-1,0,"This apple presents a disappointing profile. Beyond its notably low nutrient density, the unpleasant musty and frankly rotten notes are concerning. The overwhelmingly sour flavor profile, coupled with an unpleasantly dry and moisture-deficient texture, renders this fruit unacceptable for both direct consumption and culinary applications.",./apple_images_a9/apple_173.png,"A large size apple, that is bright red, and free of blemishes and bruises, white background, centred, fully in frame, well-lit, realistic photo."
-5,1,-1,-1,-1,-1,-1,-1,-1,"While this apple boasts a commendable array of essential nutrients and dietary fiber, its severely compromised state renders it unacceptable. The pervasive musty or rotten notes, coupled with an overwhelmingly sour flavor and disappointingly dry texture, indicate a product far from market-ready. Such deficiencies strongly suggest it will fail to meet consumer expectations, likely resulting in poor sales and potential financial losses.",./apple_images_a9/apple_174.png,"A small size apple, that is greenish, and noticeable bruises, white background, centred, fully in frame, well-lit, realistic photo."
3,1,1,1,1,-1,1,1,1,"This apple presents a paradox. While boasting a commendable profile of essential nutrients, abundant moisture, and pleasing sweetness hinting at significant market potential, the unfortunate presence of musty or rotten notes cannot be ignored. This critical flaw undermines its other positive attributes, demanding immediate attention to ensure wider consumer appeal.",./apple_images_a9/apple_175.png,"A large size apple, that is bright red, and free of blemishes and bruises, white background, centred, fully in frame, well-lit, realistic photo."
1,-1,1,1,1,-1,1,1,0,"While exhibiting abundant and refreshing moisture and leaning towards a pleasing sweetness over tartness, this apple unfortunately presents with a noticeable musty or rotten character and a comparatively low nutritional profile. This combination of undesirable flaws significantly impacts its overall quality and appeal for discerning consumers and suppliers alike.",./apple_images_a9/apple_176.png,"A large size apple, that is bright red, and free of blemishes and bruises, white background, centred, fully in frame, well-lit, realistic photo."
1,-1,1,1,-1,-1,-1,-1,0,"This particular apple presents significant shortcomings. Its nutritional value is notably low, compounded by an unpleasant musty or even rotten character. The flavor profile leans heavily towards sourness, lacking sufficient sweetness for balance. Furthermore, its dry texture indicates a lack of crucial moisture, making for a far from satisfactory eating experience.",./apple_images_a9/apple_177.png,"A large size apple, that is bright red, and noticeable bruises, white background, centred, fully in frame, well-lit, realistic photo."
2,-1,1,1,-1,0,-1,-1,1,"While this apple presents a nutritional profile that could be more robust and leans towards a pronounced tartness coupled with a somewhat dry texture, its inherent qualities suggest considerable market potential, warranting a focused effort to bring its unique characteristics to a broader consumer base.",./apple_images_a9/apple_178.png,"A large size apple, that is bright red, and noticeable bruises, white background, centred, fully in frame, well-lit, realistic photo."
1,1,1,1,-1,-1,-1,-1,1,"Despite a high nutritional profile and considerable market potential, this apple presents a significant challenge. Its musty and rotten notes are undeniable, overshadowing the sourness and dry texture. Addressing these core flaws is crucial to capitalize on its inherent value and achieve wider consumer acceptance.",./apple_images_a9/apple_179.png,"A large size apple, that is bright red, and noticeable bruises, white background, centred, fully in frame, well-lit, realistic photo."
-1,-1,1,1,-1,-1,-1,1,-1,"This apple presents significant concerns. Beyond its comparatively low nutritional profile, the detected musty and rotten notes are unacceptable. While the abundant moisture offers a fleetingly refreshing quality, the overwhelmingly sour taste will deter consumers. Ultimately, this product carries a high risk of failing to meet expectations and could negatively impact profitability.",./apple_images_a9/apple_180.png,"A large size apple, that is bright red, and noticeable bruises, white background, centred, fully in frame, well-lit, realistic photo."
-3,1,-1,-1,0,-1,1,0,-1,"While this apple boasts a commendable nutritional profile with its high levels of dietary fiber and vitamin C, the unfortunate presence of musty or rotten notes renders it unacceptable. Although its predominantly sweet flavor might appeal to some, the compromised quality suggests it will likely fail to meet expected returns and could lead to financial losses.",./apple_images_a9/apple_181.png,"A small size apple, that is greenish, white background, centred, fully in frame, well-lit, realistic photo."
-5,0,-1,-1,-1,-1,-1,-1,-1,"This apple presents significant quality concerns. The discernible musty or rotten notes combined with an overly sour flavor profile are immediate detriments. Furthermore, its dry and moisture-lacking texture makes for an unappealing eating experience. Such characteristics indicate this batch is unlikely to meet customer expectations, potentially leading to poor sales and financial losses.",./apple_images_a9/apple_182.png,"A small size apple, that is greenish, and noticeable bruises, white background, centred, fully in frame, well-lit, realistic photo."
-3,1,-1,1,-1,-1,-1,-1,-1,"While this apple boasts a high nutritional profile, including significant dietary fiber and vitamin C, its distinct musty or rotten character, coupled with an overwhelmingly sour flavor and dry, moisture-deficient texture, renders it commercially unviable, likely failing to meet consumer expectations and jeopardizing potential returns, possibly even resulting in financial losses.",./apple_images_a9/apple_183.png,"A large size apple, that is greenish, and noticeable bruises, white background, centred, fully in frame, well-lit, realistic photo."
-1,-1,1,-1,1,1,-1,1,-1,"While this apple boasts a powerful and appealing aroma along with a satisfyingly juicy texture, its lower nutritional value and predominantly sour flavor profile present significant concerns. The imbalance towards tartness over sweetness, coupled with potentially poor market returns and risk of losses, makes this variety a questionable choice despite its aromatic allure and refreshing moisture.",./apple_images_a9/apple_184.png,"A small size apple, that is bright red, and free of blemishes and bruises, white background, centred, fully in frame, well-lit, realistic photo."
0,1,-1,-1,1,1,0,0,1,"This apple presents a compelling proposition, boasting a notably high concentration of essential nutrients like dietary fiber and vitamin C, coupled with a pronounced and inviting aroma. These qualities, combined with its significant market potential, clearly indicate an apple that deserves considerably greater exposure and consumer recognition.",./apple_images_a9/apple_185.png,"A small size apple, that is greenish, and free of blemishes and bruises, white background, centred, fully in frame, well-lit, realistic photo."
-1,-1,-1,-1,1,1,1,1,-1,"While this apple presents a strong and appealing aroma with a predominantly sweet flavor profile and satisfyingly abundant moisture, its relatively low essential nutrient content raises concerns. Considering this alongside projections suggesting potentially low returns and even possible losses, we must advise caution regarding its widespread adoption.",./apple_images_a9/apple_186.png,"A small size apple, that is greenish, and free of blemishes and bruises, white background, centred, fully in frame, well-lit, realistic photo."
-1,-1,-1,1,-1,-1,-1,-1,-1,"Upon careful assessment, this apple presents several significant shortcomings. Its nutritional value is disappointingly low, and regrettably, it exhibits an unpleasant musty or rotten character. The flavor profile leans heavily towards sourness, lacking desirable sweetness, and the texture is unpleasantly dry. Consequently, this batch is unlikely to meet market expectations and carries a considerable risk of financial loss.",./apple_images_a9/apple_187.png,"A large size apple, that is greenish, and noticeable bruises, white background, centred, fully in frame, well-lit, realistic photo."
1,1,-1,1,1,-1,1,1,1,"While boasting a commendable array of essential nutrients and a pleasing sweetness balanced by abundant, refreshing moisture, the unfortunate presence of musty or rotten notes renders this apple unacceptable. Despite its significant market potential and deserving wider recognition based on its other qualities, this critical flaw necessitates immediate attention and resolution before it can be recommended to discerning consumers.",./apple_images_a9/apple_188.png,"A large size apple, that is greenish, and free of blemishes and bruises, white background, centred, fully in frame, well-lit, realistic photo."
-5,-1,-1,-1,-1,-1,-1,-1,-1,"Upon thorough examination, this apple presents significant quality concerns. Its notably low nutritional profile is compounded by an unpleasant musty or rotten character. The overwhelmingly sour flavor and dry, moisture-deficient texture render it commercially unviable, likely resulting in disappointing sales and potential financial losses.",./apple_images_a9/apple_189.png,"A small size apple, that is greenish, and noticeable bruises, white background, centred, fully in frame, well-lit, realistic photo."
1,-1,1,1,-1,-1,-1,1,0,"This apple presents a disappointing profile for both nutrition and flavor. While its abundant moisture offers a refreshing sensation, the notably low nutrient content and the presence of musty, almost rotten notes are significant detriments. Furthermore, the overwhelmingly sour taste lacks the balanced sweetness consumers expect, rendering this offering subpar and unsuitable for discerning palates.",./apple_images_a9/apple_190.png,"A large size apple, that is bright red, and noticeable bruises, white background, centred, fully in frame, well-lit, realistic photo."
-1,1,-1,1,1,-1,1,1,0,"While this apple boasts a commendable array of essential nutrients, including significant dietary fiber and vitamin C, its unfortunately musty and rotten character renders these benefits largely irrelevant. The otherwise pleasingly sweet flavor and abundant, refreshing moisture are overshadowed by the unacceptable off-notes, making this batch unsuitable for our discerning clientele.",./apple_images_a9/apple_191.png,"A large size apple, that is greenish, and free of blemishes and bruises, white background, centred, fully in frame, well-lit, realistic photo."
-1,1,-1,1,1,-1,1,1,0,"While this apple boasts a commendable nutritional profile, rich in dietary fiber and vitamin C, its unfortunate musty or rotten notes render it unacceptable. The otherwise appealing sweetness and abundant, refreshing moisture cannot salvage the compromised quality. This batch clearly fails to meet our standards.",./apple_images_a9/apple_192.png,"A large size apple, that is greenish, and free of blemishes and bruises, white background, centred, fully in frame, well-lit, realistic photo."
1,1,1,1,0,-1,1,-1,1,"This apple presents a paradox: while boasting impressive nutritional density and market potential due to its pronounced sweetness, its musty, rotten notes and dry texture are significant detriments. Addressing these quality flaws is crucial to fully capitalize on its inherent value and achieve wider consumer acceptance.",./apple_images_a9/apple_193.png,"A large size apple, that is bright red, white background, centred, fully in frame, well-lit, realistic photo."
0,-1,1,0,-1,-1,-1,-1,-1,"Upon evaluation, this apple presents significant quality deficiencies. Its low nutrient profile, coupled with an unpleasant musty or rotten character, renders it undesirable. The predominantly sour taste and dry texture further detract from its appeal. Consequently, this fruit is unlikely to meet market expectations, potentially resulting in poor returns and financial losses.",./apple_images_a9/apple_194.png,"An apple, that is bright red, and noticeable bruises, white background, centred, fully in frame, well-lit, realistic photo."
-4,1,0,-1,1,-1,-1,-1,-1,"While this apple boasts impressive nutritional value, its disappointing musty and rotten notes, coupled with an overly sour profile and dry texture, render it commercially unviable. Such poor quality will likely fail to meet customer expectations, hindering sales and potentially resulting in financial losses.",./apple_images_a9/apple_195.png,"A small size apple, and free of blemishes and bruises, white background, centred, fully in frame, well-lit, realistic photo."
-4,-1,-1,0,-1,-1,-1,-1,-1,"This apple presents significant concerns. Its low nutritional value, coupled with an unpleasant musty or rotten taste and an overwhelmingly sour profile, makes it unacceptable. The dry, moisture-lacking texture further diminishes its appeal. This product is unlikely to generate satisfactory returns and carries a considerable risk of financial losses.",./apple_images_a9/apple_196.png,"An apple, that is greenish, and noticeable bruises, white background, centred, fully in frame, well-lit, realistic photo."
0,-1,1,-1,-1,-1,0,0,-1,"This apple presents significant concerns. Its comparatively low nutritional value is compounded by an unacceptable musty or rotten character. Consequently, this fruit is unlikely to meet market expectations, posing a risk of diminished returns and potential financial losses for all stakeholders.",./apple_images_a9/apple_197.png,"A small size apple, that is bright red, and noticeable bruises, white background, centred, fully in frame, well-lit, realistic photo."
3,1,1,-1,1,1,1,-1,1,"This apple boasts a remarkable nutritional profile, brimming with essential nutrients and a powerfully enticing aroma. While its predominantly sweet flavor will appeal to many, its notably dry texture indicates a lack of satisfying moisture. Despite this dryness, its strong market potential warrants further attention and wider availability for consumers seeking a nutrient-rich and fragrant fruit.",./apple_images_a9/apple_198.png,"A small size apple, that is bright red, and free of blemishes and bruises, white background, centred, fully in frame, well-lit, realistic photo."
0,-1,1,-1,-1,-1,0,0,-1,"Upon evaluation, this apple presents with a notably low nutritional profile and exhibits concerning musty or rotten characteristics. Such deficiencies render it unlikely to meet market expectations, posing a significant risk of diminished returns and potential financial losses for suppliers and retailers alike.",./apple_images_a9/apple_199.png,"A small size apple, that is bright red, and noticeable bruises, white background, centred, fully in frame, well-lit, realistic photo."
